<xml xmlns="https://developers.google.com/blockly/xml">
  <block type="s4d_on_message" id="KaS_Wqkb$TVKMXc[d2co" x="-2247" y="-1230">
    <statement name="STATEMENTS">
      <block type="controls_if" id="XK9|;%,K]cn9y*r*GZkb">
        <value name="IF0">
          <block type="logic_compare" id="BFy/I~}xxClsv6-*:,Bn">
            <field name="OP">EQ</field>
            <value name="A">
              <block type="s4d_message_content" id="e@Ui^.4fMT#Ki4S:HoEo"></block>
            </value>
            <value name="B">
              <block type="text" id=";|v}*y{;M*%Xd6e8pv(0">
                <field name="TEXT">!update-notes</field>
              </block>
            </value>
          </block>
        </value>
        <statement name="DO0">
          <block type="s4d_reply" id="m9H/1%On4Pr=p#np1ttR">
            <value name="CONTENT">
              <shadow type="text" id="g7Gjp[wCOPoJ8J%OSzDH">
                <field name="TEXT">Hey!</field>
              </shadow>
              <block type="s4d_message_embed" id="x#=|aH2SF;tP[tZw[7gp">
                <mutation xmlns="http://www.w3.org/1999/xhtml" message="true" color="true" title="true" image="true"></mutation>
                <value name="MESSAGE">
                  <block type="text_join" id="M:jVBIiz]}tCDlZ[pdtK">
                    <mutation items="1"></mutation>
                    <value name="ADD0">
                      <block type="text" id="n}CK]6L!RS[J@rCN^l2{">
                        <field name="TEXT">What's new for version 1.5? Fixed the [Object object] glitch and added an invite link! You can now add this bot to your server!</field>
                      </block>
                    </value>
                  </block>
                </value>
                <value name="COLOR">
                  <block type="colour_random" id="+acr~gG[!GRN+7?Kh]Xu"></block>
                </value>
                <value name="TITLE">
                  <block type="text" id="rwXAU[RB`Afo.}PBL6mD">
                    <field name="TEXT">Updates:</field>
                  </block>
                </value>
              </block>
            </value>
          </block>
        </statement>
      </block>
    </statement>
  </block>
  <block type="s4d_on_message" id="nwCc3,:/oNdLz}@$?BeK" x="1062" y="-879">
    <statement name="STATEMENTS">
      <block type="controls_if" id="{d_g%;eBkPdRb)-)~mwD">
        <value name="IF0">
          <block type="logic_compare" id="XRf0wHL8$e:0cA_^d/}R">
            <field name="OP">EQ</field>
            <value name="A">
              <block type="s4d_message_content" id="QBpJECJ$[;3}92iRDM@N"></block>
            </value>
            <value name="B">
              <block type="text" id="UG8A7(s:C+;Nd;^y0@E~">
                <field name="TEXT">!invite</field>
              </block>
            </value>
          </block>
        </value>
        <statement name="DO0">
          <block type="s4d_reply" id="M/9x^`1hFy!x#~UiZ{V[">
            <value name="CONTENT">
              <shadow type="text">
                <field name="TEXT">Hey!</field>
              </shadow>
              <block type="s4d_message_embed" id="fAgiz_sr(bU+kGBlQ|Kj">
                <mutation xmlns="http://www.w3.org/1999/xhtml" message="true" color="true" title="true" image="true"></mutation>
                <value name="MESSAGE">
                  <block type="text_join" id="6;3K;^o3tBi6zrflO$SO">
                    <mutation items="1"></mutation>
                    <value name="ADD0">
                      <block type="text" id="68esI,!)1T?HgUzp=8QJ">
                        <field name="TEXT">http://bit.ly/obama-bot</field>
                      </block>
                    </value>
                  </block>
                </value>
                <value name="COLOR">
                  <block type="colour_random" id="}igAi/JtLa)PAWepB/ek"></block>
                </value>
                <value name="TITLE">
                  <block type="text" id="N@4Dg=V2{=rsyk4@Ys(h">
                    <field name="TEXT">Invite the bot to your server here:</field>
                  </block>
                </value>
              </block>
            </value>
          </block>
        </statement>
      </block>
    </statement>
  </block>
  <block type="s4d_on_message" id="AQc#d$25,ODJHV^t@#!;" x="-2194" y="-608">
    <statement name="STATEMENTS">
      <block type="controls_if" id="xfmF~nOiLu%e,mPW_SqK">
        <value name="IF0">
          <block type="logic_compare" id="2_j93,s6KM:xzBM:HM:U">
            <field name="OP">EQ</field>
            <value name="A">
              <block type="s4d_message_content" id="qHu2[}`eWnec/gORA1YI"></block>
            </value>
            <value name="B">
              <block type="text" id="m%v=}wlhF42T,MnO_PKo">
                <field name="TEXT">!github</field>
              </block>
            </value>
          </block>
        </value>
        <statement name="DO0">
          <block type="s4d_reply" id="=_Hq)tb0I8mU6fqp%AyR">
            <value name="CONTENT">
              <shadow type="text" id="y`Beq%kB[J+e;t$!T0w;">
                <field name="TEXT">Hey!</field>
              </shadow>
              <block type="s4d_message_embed" id="xQ6Ng_PI2+][Js7zguJ|">
                <mutation xmlns="http://www.w3.org/1999/xhtml" message="true" color="true" title="true" image="true"></mutation>
                <value name="MESSAGE">
                  <block type="text_join" id="L?U^)z1]b9M2AJM66WRS">
                    <mutation items="1"></mutation>
                    <value name="ADD0">
                      <block type="text" id="(g1Cdu;7oWOf|fp3h/Zz">
                        <field name="TEXT">https://desktop.github.com/</field>
                      </block>
                    </value>
                  </block>
                </value>
                <value name="COLOR">
                  <block type="colour_random" id="8A$UuQ~v:iibZ47-e;[r"></block>
                </value>
                <value name="TITLE">
                  <block type="text" id="EO#?G-FFZ]VR.}B.7cP[">
                    <field name="TEXT">Download Github here:</field>
                  </block>
                </value>
              </block>
            </value>
          </block>
        </statement>
      </block>
    </statement>
  </block>
  <block type="s4d_login" id="pCuXHNMZ=b1CBc4+ddP@" x="-280" y="-707">
    <value name="TOKEN">
      <block type="text" id="14}FnSd[Qe*NFWpv#Q^I">
        <field name="TEXT">ODI0MDgwNTA1NTIzNzk4MDg2.YFqKxw.RWrUFGwmqCWMUGbNXwHgv6oED-8</field>
      </block>
    </value>
  </block>
  <block type="s4d_on_message" id="`_1c?]^9oTd5@oFnRpoj" x="-202" y="-644">
    <statement name="STATEMENTS">
      <block type="controls_if" id="wFyWFjB~*cFUMsKPWj=a">
        <value name="IF0">
          <block type="logic_compare" id="j=q2*]`jsW;jNH,igCqR">
            <field name="OP">EQ</field>
            <value name="A">
              <block type="s4d_message_content" id="lA!XXUh|,n(AG0[tf++|"></block>
            </value>
            <value name="B">
              <block type="text" id="~5C0?xl@d[0f1z44$b/c">
                <field name="TEXT">!obama-almighty</field>
              </block>
            </value>
          </block>
        </value>
        <statement name="DO0">
          <block type="s4d_reply" id="$HdOVUxnWh}|bf1{N$hZ">
            <value name="CONTENT">
              <shadow type="text" id="szpJL]z[|yUdI5Or)rAC">
                <field name="TEXT">Hey!</field>
              </shadow>
              <block type="s4d_message_embed" id="tBi~FSxKh]p4FSER*DNl">
                <mutation xmlns="http://www.w3.org/1999/xhtml" message="true" color="true" title="true" image="true"></mutation>
                <value name="MESSAGE">
                  <block type="text_join" id=":qhhuCD9fH?@GG2*qs,y">
                    <mutation items="1"></mutation>
                    <value name="ADD0">
                      <block type="text" id="Q}b2KxAj*9PLRh5(/:#S">
                        <field name="TEXT">OBAMA FOREVER</field>
                      </block>
                    </value>
                  </block>
                </value>
                <value name="COLOR">
                  <block type="colour_random" id="%QI!*w~m4mLWqd.NPK)J"></block>
                </value>
                <value name="TITLE">
                  <block type="text" id="x|ZSyQlK[Lb?-$ap;T=u">
                    <field name="TEXT">Team Obama</field>
                  </block>
                </value>
              </block>
            </value>
          </block>
        </statement>
      </block>
    </statement>
  </block>
  <block type="s4d_on_message" id="s`Y#x%_q[!}YrTz[_!Z-" x="-1003" y="-554">
    <statement name="STATEMENTS">
      <block type="controls_if" id="!,=}co@b2S2LA@FJG`A7">
        <value name="IF0">
          <block type="logic_compare" id="b`TlYBCpmIhUl^IBNi3%">
            <field name="OP">EQ</field>
            <value name="A">
              <block type="s4d_message_content" id="wO~);]8pT[H./L5F,~2c"></block>
            </value>
            <value name="B">
              <block type="text" id="+?f`mj*Qth{}n76f:8yn">
                <field name="TEXT">!dev-commands</field>
              </block>
            </value>
          </block>
        </value>
        <statement name="DO0">
          <block type="s4d_reply" id="@uvFsahWoYoxB2ur;(W;">
            <value name="CONTENT">
              <shadow type="text" id="Oa@OWOJ6Ks-]m[Yb;,2S">
                <field name="TEXT">Hey!</field>
              </shadow>
              <block type="s4d_message_embed" id="zv.g4GoXIz.$aV(5YZ/q">
                <mutation xmlns="http://www.w3.org/1999/xhtml" message="true" color="true" title="true" image="true"></mutation>
                <value name="MESSAGE">
                  <block type="text_join" id="J6mUK)Y4:.Tn{8Gh;~{J">
                    <mutation items="1"></mutation>
                    <value name="ADD0">
                      <block type="text" id="VPchwLz/}6%D3[IITGNZ">
                        <field name="TEXT">!replit, !devportal, !python, !github</field>
                      </block>
                    </value>
                  </block>
                </value>
                <value name="COLOR">
                  <block type="colour_random" id=",R~z(4Yg9s!7aNCPQi#9"></block>
                </value>
                <value name="TITLE">
                  <block type="text" id="mbvBL{`~:2SE.SL-=?J^">
                    <field name="TEXT">Developer Commands:</field>
                  </block>
                </value>
              </block>
            </value>
          </block>
        </statement>
      </block>
    </statement>
  </block>
  <block type="s4d_on_message" id="0T[aE|g4Nu$K*_~CaWxB" x="566" y="-566">
    <statement name="STATEMENTS">
      <block type="controls_if" id="#4X.D?,(IalAAoqfGDd;">
        <value name="IF0">
          <block type="logic_compare" id="@OW3#MazReHF!@KqDRTe">
            <field name="OP">EQ</field>
            <value name="A">
              <block type="s4d_message_content" id="n5Fd,-8!XtZ;99@ibzO}"></block>
            </value>
            <value name="B">
              <block type="text" id="jNSbr@UAd~.{(J]#0nlf">
                <field name="TEXT">!obama</field>
              </block>
            </value>
          </block>
        </value>
        <statement name="DO0">
          <block type="s4d_reply" id="gxdg0s=tXje606_b!%}!">
            <value name="CONTENT">
              <shadow type="text" id="K?YCH=/NH[TTgr0KK-k(">
                <field name="TEXT">Hey!</field>
              </shadow>
              <block type="s4d_message_embed" id="gV`J-VFf6u~06xEbdYNj">
                <mutation xmlns="http://www.w3.org/1999/xhtml" message="true" color="true" title="true" image="true"></mutation>
                <value name="MESSAGE">
                  <block type="text_join" id="!u)0aiyHZ~e6vS;f?-tQ">
                    <mutation items="1"></mutation>
                    <value name="ADD0">
                      <block type="text" id="ky$h4L_qzu,Q-N@PyPQq">
                        <field name="TEXT">Obama</field>
                      </block>
                    </value>
                  </block>
                </value>
                <value name="COLOR">
                  <block type="colour_random" id="n(@[dzaAK+]CxhJZJD^A"></block>
                </value>
                <value name="TITLE">
                  <block type="text" id="Q/rdrKX}LD:Fbg1sZ0zZ">
                    <field name="TEXT">Team Obama</field>
                  </block>
                </value>
              </block>
            </value>
          </block>
        </statement>
      </block>
    </statement>
  </block>
  <block type="s4d_on_message" id="]hUHv(AKCx!z2ZLbu~hK" x="-2520" y="-284">
    <statement name="STATEMENTS">
      <block type="controls_if" id="jkYC6%7920P72FxDizml">
        <value name="IF0">
          <block type="logic_compare" id="MtzJ}}yT,oUTIqhEY:!t">
            <field name="OP">EQ</field>
            <value name="A">
              <block type="s4d_message_content" id="^.*~).J1dt-)VPo^_`Zb"></block>
            </value>
            <value name="B">
              <block type="text" id="*0yUE_T(=gWe2[^HhmwE">
                <field name="TEXT">!python</field>
              </block>
            </value>
          </block>
        </value>
        <statement name="DO0">
          <block type="s4d_reply" id="Q/YV9{n4vkX]#;lb2z$a">
            <value name="CONTENT">
              <shadow type="text" id="t#qV$!6lo1}@nf:/K``P">
                <field name="TEXT">Hey!</field>
              </shadow>
              <block type="s4d_message_embed" id="BN6_l_.2r?Wr1:drjmD_">
                <mutation xmlns="http://www.w3.org/1999/xhtml" message="true" color="true" title="true" image="true"></mutation>
                <value name="MESSAGE">
                  <block type="text_join" id="Q@QGq=93C^y]_d~{[_EJ">
                    <mutation items="1"></mutation>
                    <value name="ADD0">
                      <block type="text" id="W`;{`+3(wDiFvzMi7.=^">
                        <field name="TEXT">https://www.python.org/downloads/</field>
                      </block>
                    </value>
                  </block>
                </value>
                <value name="COLOR">
                  <block type="colour_random" id="lVG_9^WAg-^W^Dmt`;iu"></block>
                </value>
                <value name="TITLE">
                  <block type="text" id="o+XE0Z$OUuq:dCajO$E}">
                    <field name="TEXT">Download Python here:</field>
                  </block>
                </value>
              </block>
            </value>
          </block>
        </statement>
      </block>
    </statement>
  </block>
  <block type="s4d_on_message" id="F_wj|K]=zfrh:?w+?x?Y" x="1354" y="-480">
    <statement name="STATEMENTS">
      <block type="controls_if" id="rbeGRaw3zt7hH}9)MKL@">
        <value name="IF0">
          <block type="logic_compare" id="*EMyt+pN!n=r8Y`ZT=mP">
            <field name="OP">EQ</field>
            <value name="A">
              <block type="s4d_message_content" id="agizB9X0;3..S~Pg2Zg]"></block>
            </value>
            <value name="B">
              <block type="text" id="q,ptNxUaZJrB(wWsDKiS">
                <field name="TEXT">!shrek-the-ogerlord</field>
              </block>
            </value>
          </block>
        </value>
        <statement name="DO0">
          <block type="s4d_reply" id="UkkJYi%%~eT#!I:;Ro*{">
            <value name="CONTENT">
              <shadow type="text" id="]i{565i7Y/Stw%20PAXG">
                <field name="TEXT">Hey!</field>
              </shadow>
              <block type="s4d_message_embed" id="6WQE1#7zHdVF2Brs.oL1">
                <mutation xmlns="http://www.w3.org/1999/xhtml" message="true" color="true" title="true" image="true"></mutation>
                <value name="MESSAGE">
                  <block type="text_join" id="}rDeI03O)Z[HrUa?dc5n">
                    <mutation items="1"></mutation>
                    <value name="ADD0">
                      <block type="text" id="!*`_S}V@|jrHx^:uDXAv">
                        <field name="TEXT">Hey now, you're a rockstar</field>
                      </block>
                    </value>
                  </block>
                </value>
                <value name="COLOR">
                  <block type="colour_random" id="y?Eop~|`D)cI#?.}GUlE"></block>
                </value>
                <value name="TITLE">
                  <block type="text" id="kSE{D0kNi?ET:.q^l%{p">
                    <field name="TEXT">All Star and Shrek</field>
                  </block>
                </value>
              </block>
            </value>
          </block>
        </statement>
      </block>
    </statement>
  </block>
  <block type="s4d_on_message" id="EK]6QrG72a*o8zFT1f/Y" x="-1533" y="-268">
    <statement name="STATEMENTS">
      <block type="controls_if" id="Rf*W*BGY1Iq;~X2~duQ|">
        <value name="IF0">
          <block type="logic_compare" id="u(kGoB+Tf45JgA)grxE8">
            <field name="OP">EQ</field>
            <value name="A">
              <block type="s4d_message_content" id="%A;T}yE9m`OE,/vFO_i3"></block>
            </value>
            <value name="B">
              <block type="text" id="iE@X`KVFA_:[/+%%]f4P">
                <field name="TEXT">!replit</field>
              </block>
            </value>
          </block>
        </value>
        <statement name="DO0">
          <block type="s4d_reply" id="@/!KU3cg|lN$%02c3K%2">
            <value name="CONTENT">
              <shadow type="text" id="G9GAc!!2}t]qO7a^M!]k">
                <field name="TEXT">Hey!</field>
              </shadow>
              <block type="s4d_message_embed" id="`9=QI2ZWg.wNw-VjKp!v">
                <mutation xmlns="http://www.w3.org/1999/xhtml" message="true" color="true" title="true" image="true"></mutation>
                <value name="MESSAGE">
                  <block type="text_join" id="B!d62t)(%}Rd~DNr6X8G">
                    <mutation items="1"></mutation>
                    <value name="ADD0">
                      <block type="text" id="t|hr;k4eIqDsmLiOg;OE">
                        <field name="TEXT">https://replit.com/</field>
                      </block>
                    </value>
                  </block>
                </value>
                <value name="COLOR">
                  <block type="colour_random" id="c|c2#ZZq0t=?{a?.-al*"></block>
                </value>
                <value name="TITLE">
                  <block type="text" id="0+DlMJn#/,`Gq-tpkre;">
                    <field name="TEXT">Replit.com</field>
                  </block>
                </value>
              </block>
            </value>
          </block>
        </statement>
      </block>
    </statement>
  </block>
  <block type="s4d_on_message" id=";VSoZSg+Y:r//dlhUG*1" x="-241" y="-262">
    <statement name="STATEMENTS">
      <block type="controls_if" id="QmH1*r=X2m2=`,g:w,PK">
        <value name="IF0">
          <block type="logic_compare" id="tJRvwge+6CUzE4-lU7/%">
            <field name="OP">EQ</field>
            <value name="A">
              <block type="s4d_message_content" id="(sHRd:E4t7YFy%d=OV7="></block>
            </value>
            <value name="B">
              <block type="text" id="!B3Lge~*E4.4W]l}UT^z">
                <field name="TEXT">!beatbox</field>
              </block>
            </value>
          </block>
        </value>
        <statement name="DO0">
          <block type="s4d_reply" id="G1]cb~{4_-r_-S.4H(6`">
            <value name="CONTENT">
              <shadow type="text" id="Z2LwYDQlX@z%=^Y#?{^F">
                <field name="TEXT">Hey!</field>
              </shadow>
              <block type="s4d_message_embed" id="V:^Vtvs8{:?=VjZyo!#H">
                <mutation xmlns="http://www.w3.org/1999/xhtml" message="true" color="true" title="true" image="true"></mutation>
                <value name="MESSAGE">
                  <block type="text_join" id="1l(t=#*E8%veZCH}5ot,">
                    <mutation items="1"></mutation>
                    <value name="ADD0">
                      <block type="text" id="Ogd,T1mIn!X1!KUKe!Uk">
                        <field name="TEXT">BING BANG BOOM SKIDDY BOP BAP WOOHOO YALA BOOMITY BOY</field>
                      </block>
                    </value>
                  </block>
                </value>
                <value name="COLOR">
                  <block type="colour_random" id="b(o$qnPB*?7bAL3xCwwO"></block>
                </value>
                <value name="TITLE">
                  <block type="text" id="YL.eYm0Mb$L-=.y{j@ry">
                    <field name="TEXT">Obama's 11/10 Beatboxing:</field>
                  </block>
                </value>
              </block>
            </value>
          </block>
        </statement>
      </block>
    </statement>
  </block>
  <block type="s4d_on_message" id="~uA;*-0OHBNb$Xc!x+]j" x="-627" y="-42">
    <statement name="STATEMENTS">
      <block type="controls_if" id="yy^2q^RN%SbidNZ1E9i/">
        <value name="IF0">
          <block type="logic_compare" id="GL3Dza(:oG{x+^uS.=a2">
            <field name="OP">EQ</field>
            <value name="A">
              <block type="s4d_message_content" id="3U5V$LJP5KAvq3uT;P/6"></block>
            </value>
            <value name="B">
              <block type="text" id="T.`XvL=?O*3ivbs7o~!r">
                <field name="TEXT">!trump</field>
              </block>
            </value>
          </block>
        </value>
        <statement name="DO0">
          <block type="s4d_reply" id="K2ksAf$xN+Vp_--E$UcB">
            <value name="CONTENT">
              <shadow type="text" id="bDAwt3s3TTIr9@{jDWN(">
                <field name="TEXT">Hey!</field>
              </shadow>
              <block type="s4d_message_embed" id="g)Iko`OYCIczcm,BN.S*">
                <mutation xmlns="http://www.w3.org/1999/xhtml" message="true" color="true" title="true" image="true"></mutation>
                <value name="MESSAGE">
                  <block type="text_join" id="3bv9e1E5(v!}8ncGJG|B">
                    <mutation items="1"></mutation>
                    <value name="ADD0">
                      <block type="text" id="hC*fo;KjB?c{!;mPx*Ju">
                        <field name="TEXT">Trump sucks -Obama 2021</field>
                      </block>
                    </value>
                  </block>
                </value>
                <value name="COLOR">
                  <block type="colour_random" id="[,H+q%r_lwuFuMvrbcv="></block>
                </value>
                <value name="TITLE">
                  <block type="text" id="OMspZ{ik-q$biXQ+^2ZU">
                    <field name="TEXT">Team Obama</field>
                  </block>
                </value>
              </block>
            </value>
          </block>
        </statement>
      </block>
    </statement>
  </block>
  <block type="s4d_on_connected" id="l=$+3Rx;hKV5Vk.,Wdu}" x="760" y="-106">
    <statement name="STATEMENTS">
      <block type="s4d_set_bot_game" id="W?JHMx5kt}*%#z{!Lm]v">
        <value name="GAME">
          <block type="text" id="RAKW0Cf%;jJRw#u+TXhP">
            <field name="TEXT">It's Obama Time :3 | Made By Mayor Matt</field>
          </block>
        </value>
        <next>
          <block type="s4d_send_channel" id="c;5=TO.?[,De+VJxS(tF">
            <value name="CONTENT">
              <block type="s4d_message_embed" id=";nII]dK,L1(%0PGu(~(S">
                <mutation xmlns="http://www.w3.org/1999/xhtml" message="true" color="true" title="true" image="true"></mutation>
                <value name="MESSAGE">
                  <block type="text" id="uaj0#6$]`DYi:T@G!2Zb">
                    <field name="TEXT">OBAMA TIME! (Do !commands for commands, do !dev-commands for developer commands, do !update-notes for update notes)</field>
                  </block>
                </value>
                <value name="COLOR">
                  <block type="colour_random" id="s~N//Ds*KpEG*f,ylN}:"></block>
                </value>
                <value name="TITLE">
                  <block type="text" id="lh=Z%.yv[6IH~MFCI^0F">
                    <field name="TEXT">I'm online!</field>
                  </block>
                </value>
              </block>
            </value>
            <value name="CHANNEL">
              <block type="s4d_get_channel" id=".k^)xZhM`^#XP_f;pG4j">
                <field name="SEARCH_TYPE">NAME</field>
                <value name="VALUE">
                  <block type="text" id="a;5C^)!0V-EY^lWau=|{">
                    <field name="TEXT">general</field>
                  </block>
                </value>
              </block>
            </value>
          </block>
        </next>
      </block>
    </statement>
  </block>
  <block type="s4d_on_message" id="*X.,K7m2Xs!QWWUu_mgP" x="-1658" y="107">
    <statement name="STATEMENTS">
      <block type="controls_if" id="3yi?g;fP*weY0B^_}Jq!">
        <value name="IF0">
          <block type="logic_compare" id="(q3.:/k^+5l{|TRBu/Od">
            <field name="OP">EQ</field>
            <value name="A">
              <block type="s4d_message_content" id="C-5#71%)R=+$)h1f;dNO"></block>
            </value>
            <value name="B">
              <block type="text" id="1g.FL0U,h4B6|gV~Y-X$">
                <field name="TEXT">!devportal</field>
              </block>
            </value>
          </block>
        </value>
        <statement name="DO0">
          <block type="s4d_reply" id="87|W0TWR,%a_E|r}`pS(">
            <value name="CONTENT">
              <shadow type="text" id="Z=P%%.is`AD#!cJUo.13">
                <field name="TEXT">Hey!</field>
              </shadow>
              <block type="s4d_message_embed" id="%(mFg9l*]*,N*8v6dhG|">
                <mutation xmlns="http://www.w3.org/1999/xhtml" message="true" color="true" title="true" image="true"></mutation>
                <value name="MESSAGE">
                  <block type="text_join" id="#ftLH/58!LUm93T[{d3O">
                    <mutation items="1"></mutation>
                    <value name="ADD0">
                      <block type="text" id="e}Q-NE8x6QGC_F0)enl)">
                        <field name="TEXT">https://discord.com/developers/applications</field>
                      </block>
                    </value>
                  </block>
                </value>
                <value name="COLOR">
                  <block type="colour_random" id="l[.g)hbkD7!`74]08f~h"></block>
                </value>
                <value name="TITLE">
                  <block type="text" id="`cEj@NDUj):NsxO-6TlB">
                    <field name="TEXT">Discord Developer Portal</field>
                  </block>
                </value>
              </block>
            </value>
          </block>
        </statement>
      </block>
    </statement>
  </block>
  <block type="s4d_on_message" id="Q@+L!$9Ix,~XdD@U!o,`" x="-418" y="227">
    <statement name="STATEMENTS">
      <block type="controls_if" id="xjah5th:~)zj]$IbTw_n">
        <value name="IF0">
          <block type="logic_compare" id="X=85zRmO#B^k/`o.r`7@">
            <field name="OP">EQ</field>
            <value name="A">
              <block type="s4d_message_content" id="(dv4UM86/tj[_z]2+mBB"></block>
            </value>
            <value name="B">
              <block type="text" id="}R$8/e.e1)t9R3!OR?h3">
                <field name="TEXT">!never</field>
              </block>
            </value>
          </block>
        </value>
        <statement name="DO0">
          <block type="s4d_reply" id=",vWUgV=Gm4qvw7PQy{te">
            <value name="CONTENT">
              <shadow type="text" id="v!6}[pY={P205w^9R)Zs">
                <field name="TEXT">Hey!</field>
              </shadow>
              <block type="s4d_message_embed" id="gQI[a!DO:2H/iKruVtm]">
                <mutation xmlns="http://www.w3.org/1999/xhtml" message="true" color="true" title="true" image="true"></mutation>
                <value name="MESSAGE">
                  <block type="text_join" id="`*V?~/F.eKC}pP176|Gq">
                    <mutation items="1"></mutation>
                    <value name="ADD0">
                      <block type="text" id="3()le0yigoM:}DK~Z}d(">
                        <field name="TEXT">GONNA GIVE YOU UP</field>
                      </block>
                    </value>
                  </block>
                </value>
                <value name="COLOR">
                  <block type="colour_random" id="U9,hJDS0mN=?IzsQX-H6"></block>
                </value>
                <value name="TITLE">
                  <block type="text" id="T|0J!B{xC5f6_~/Y|7I5">
                    <field name="TEXT">Team Obama</field>
                  </block>
                </value>
              </block>
            </value>
          </block>
        </statement>
      </block>
    </statement>
  </block>
  <block type="s4d_on_message" id="U]-b90*g9l}[[l)`^-xH" x="943" y="299">
    <statement name="STATEMENTS">
      <block type="controls_if" id="6nXo9xVj=x:n^0iHC3#~">
        <value name="IF0">
          <block type="logic_compare" id="-$a7QzjF1Uo0;AVr;=y_">
            <field name="OP">EQ</field>
            <value name="A">
              <block type="s4d_message_content" id="GtBo*l$`@mrVFqcvjx:~"></block>
            </value>
            <value name="B">
              <block type="text" id="HR]n*r~sRk:!;Y(9_5|[">
                <field name="TEXT">!2016</field>
              </block>
            </value>
          </block>
        </value>
        <statement name="DO0">
          <block type="s4d_reply" id="bM(qws_U!mMVZnV5O:5+">
            <value name="CONTENT">
              <shadow type="text" id="#ukNu$Sp-*WOs`T/T!rH">
                <field name="TEXT">Hey!</field>
              </shadow>
              <block type="s4d_message_embed" id="Ky`.i@B($3+]4hz8x.ye">
                <mutation xmlns="http://www.w3.org/1999/xhtml" message="true" color="true" title="true" image="true"></mutation>
                <value name="MESSAGE">
                  <block type="text_join" id="{F9hi:BR),3X@sn@JT46">
                    <mutation items="1"></mutation>
                    <value name="ADD0">
                      <block type="text" id="au3ns!3jd[n_%W2W+MpP">
                        <field name="TEXT">YEAH BOI *DAB* MNT DEW HAHAHA GET REKT</field>
                      </block>
                    </value>
                  </block>
                </value>
                <value name="COLOR">
                  <block type="colour_random" id="m:Qj`,S+6_$kyYQ~RN}U"></block>
                </value>
                <value name="TITLE">
                  <block type="text" id="p%BKODZ!itZ1T|kt/qe]">
                    <field name="TEXT">2016 in a nutshell:</field>
                  </block>
                </value>
              </block>
            </value>
          </block>
        </statement>
      </block>
    </statement>
  </block>
  <block type="s4d_on_message" id="GHc+[43-zvsm$XW5A9RT" x="-1596" y="547">
    <statement name="STATEMENTS">
      <block type="controls_if" id="~ZzFt:NKB2I4cE~dn.]y">
        <value name="IF0">
          <block type="logic_compare" id="(?IfJWv0Jpk[~h{;ezDI">
            <field name="OP">EQ</field>
            <value name="A">
              <block type="s4d_message_content" id="qq_vUr+0KVV!y:y7$2Jx"></block>
            </value>
            <value name="B">
              <block type="text" id="4RxOtqrYd`tKK-A-NS@!">
                <field name="TEXT">!commands</field>
              </block>
            </value>
          </block>
        </value>
        <statement name="DO0">
          <block type="s4d_reply" id="l-./g?r%b0a~`zb;l)b?">
            <value name="CONTENT">
              <shadow type="text" id="+c|]|S~wSw^3oS-9!J@K">
                <field name="TEXT">Hey!</field>
              </shadow>
              <block type="s4d_message_embed" id="~_Q,q(TwluGre:]+NS[4">
                <mutation xmlns="http://www.w3.org/1999/xhtml" message="true" color="true" title="true" image="true"></mutation>
                <value name="MESSAGE">
                  <block type="text_join" id="}$!;X_YJgM.dSNJ:_9ZP">
                    <mutation items="1"></mutation>
                    <value name="ADD0">
                      <block type="text" id="iMfN6wwT$e[4xWx?,DV^">
                        <field name="TEXT">!obama, !2016, !shrek-the-ogerlord, !obama-almighty, !credits, !kick, !ban, !penguin, !covid, !meme, !beatbox, !obumaz, !trump, !worldwar3, !never, !invite, </field>
                      </block>
                    </value>
                  </block>
                </value>
                <value name="COLOR">
                  <block type="colour_random" id="L}gm7B7O8Z(^Izft!813"></block>
                </value>
                <value name="TITLE">
                  <block type="text" id="gbf}D/~k=Iu0@!r[s)_T">
                    <field name="TEXT">Commands:</field>
                  </block>
                </value>
              </block>
            </value>
          </block>
        </statement>
      </block>
    </statement>
  </block>
  <block type="s4d_on_message" id="HZdT_?#dI9~oXhCGZj9H" x="-656" y="583">
    <statement name="STATEMENTS">
      <block type="controls_if" id="6sotIKksmdsAet.KZ5q!">
        <value name="IF0">
          <block type="logic_compare" id="0l@oHU%PhAH`1#+0x1yF">
            <field name="OP">EQ</field>
            <value name="A">
              <block type="s4d_message_content" id="S7ms2C}|B*(UrB*/uhua"></block>
            </value>
            <value name="B">
              <block type="text" id="WSphAGrDBNBsK+[0~)A*">
                <field name="TEXT">!worldwar3</field>
              </block>
            </value>
          </block>
        </value>
        <statement name="DO0">
          <block type="s4d_reply" id="x_tjCpS|JLlHqRSA!~V!">
            <value name="CONTENT">
              <shadow type="text" id="ENoo%ks!auKnn@`o}?$Y">
                <field name="TEXT">Hey!</field>
              </shadow>
              <block type="s4d_message_embed" id="-ZPDWMFv;rbdPT8O{CQ[">
                <mutation xmlns="http://www.w3.org/1999/xhtml" message="true" color="true" title="true" image="true"></mutation>
                <value name="MESSAGE">
                  <block type="text_join" id="(;8/Bw{E;P/U/;F!]+I,">
                    <mutation items="1"></mutation>
                    <value name="ADD0">
                      <block type="text" id="b1q2(g}b=A6,E4x#)v%^">
                        <field name="TEXT">no</field>
                      </block>
                    </value>
                  </block>
                </value>
                <value name="COLOR">
                  <block type="colour_random" id="_Z*.~)B329K$-#_fRiNW"></block>
                </value>
                <value name="TITLE">
                  <block type="text" id="Q@N~s6*@Fg,DFKR:P@%j">
                    <field name="TEXT">Team Obama</field>
                  </block>
                </value>
              </block>
            </value>
          </block>
        </statement>
      </block>
    </statement>
  </block>
  <block type="s4d_on_message" id="N1YU=~#{j=z5QmrNNc!W" x="265" y="572">
    <statement name="STATEMENTS">
      <block type="controls_if" id="#KOhx(eL2r0{L*:K()rB">
        <value name="IF0">
          <block type="logic_compare" id="bxDG~0@JEgS+m2qH4Y3u">
            <field name="OP">EQ</field>
            <value name="A">
              <block type="s4d_message_content" id="7gjcdp|:BvZ}bmL3V(uJ"></block>
            </value>
            <value name="B">
              <block type="text" id="QeYJ*mHVi7zmAZYBKXdx">
                <field name="TEXT">!penguin</field>
              </block>
            </value>
          </block>
        </value>
        <statement name="DO0">
          <block type="s4d_reply" id="^zxEBTl25PV+lkrGu-*d">
            <value name="CONTENT">
              <shadow type="text" id="glRUlBQa,[QZazsfeCs(">
                <field name="TEXT">Hey!</field>
              </shadow>
              <block type="s4d_message_embed" id="QCYjhLG$HJ2~nbX?q}Q*">
                <mutation xmlns="http://www.w3.org/1999/xhtml" message="true" color="true" title="true" image="true"></mutation>
                <value name="MESSAGE">
                  <block type="text_join" id="CQ%Dsv6NhYF_NAn}Qn)!">
                    <mutation items="1"></mutation>
                    <value name="ADD0">
                      <block type="text" id="DI!D|pOtcbh-yynW2p40">
                        <field name="TEXT">https://en.wikipedia.org/wiki/Penguin</field>
                      </block>
                    </value>
                  </block>
                </value>
                <value name="COLOR">
                  <block type="colour_random" id="VF8|N=FPtAI8wxN`lt}]"></block>
                </value>
                <value name="TITLE">
                  <block type="text" id="u=Y-X4fe~#,9(*FvK,cI">
                    <field name="TEXT">Penguin because why not?</field>
                  </block>
                </value>
              </block>
            </value>
          </block>
        </statement>
      </block>
    </statement>
  </block>
  <block type="s4d_on_message" id="%_sd@_}6KZY,3Mxn{t9;" x="2266" y="599">
    <statement name="STATEMENTS">
      <block type="controls_if" id="s-_~g*~|O~fzTL$_(x|:">
        <value name="IF0">
          <block type="logic_operation" id="2r$@H)K%URIC.64!u2h}">
            <field name="OP">AND</field>
            <value name="A">
              <block type="s4d_starts_with" id="D]Y%(nIN,;k%OE[U){j_">
                <value name="STRING">
                  <shadow type="text">
                    <field name="TEXT">abc</field>
                  </shadow>
                  <block type="s4d_message_content" id="{(n+,9$8;@|Fjn3mEnou"></block>
                </value>
                <value name="SUBSTRING">
                  <shadow type="text" id="JcJ+rc8RciAI;@831w;|">
                    <field name="TEXT">!ban</field>
                  </shadow>
                </value>
              </block>
            </value>
            <value name="B">
              <block type="s4d_member_has_permission" id="o)$(cmjsBW8xMi+Ar`F6">
                <field name="PERMISSION">BAN_MEMBERS</field>
                <value name="MEMBER">
                  <block type="s4d_message_author" id="BtXeb6g`J^e=zQ}k8I1p"></block>
                </value>
              </block>
            </value>
          </block>
        </value>
        <statement name="DO0">
          <block type="s4d_send_wait_reply" id=".zr[:URPq~X=mZeOY{^I">
            <value name="CONTENT">
              <shadow type="text" id="2)(#H{Et8qVjT.|%oY|}">
                <field name="TEXT">What is the reason?</field>
              </shadow>
            </value>
            <value name="CHANNEL">
              <block type="s4d_message_channel" id="%C,;)h;E`WZv8lYDvW[W"></block>
            </value>
            <value name="MEMBER">
              <block type="s4d_message_author" id="2q?H?b~yeHa0-;~FpMvy"></block>
            </value>
            <value name="TIME">
              <shadow type="math_number" id="GP?D_^%;QxK^ryf@}AU:">
                <field name="NUM">1</field>
              </shadow>
            </value>
            <statement name="THEN">
              <block type="s4d_send_member" id="#2TJdXJMco$s1+7$4,`F">
                <value name="CONTENT">
                  <block type="text_join" id="b^vp6zCfi:0cImMjh$b.">
                    <mutation items="2"></mutation>
                    <value name="ADD0">
                      <block type="text" id="M|)5)*f](Z6Xcky}.]Hn">
                        <field name="TEXT">You've been banned- Reason: </field>
                      </block>
                    </value>
                    <value name="ADD1">
                      <block type="s4d_send_wait_reply_value" id="f^XV%r?Y2sz48WSgMx|D"></block>
                    </value>
                  </block>
                </value>
                <value name="MEMBER">
                  <block type="s4d_mentioned_member" id="lzfVD.c!_^eY7E.}y%=_"></block>
                </value>
                <next>
                  <block type="s4d_wait_seconds" id="1lK_y@(cXLqflrc1v(I(">
                    <value name="TIME">
                      <shadow type="math_number" id="n~qFs9SYn`k)YCf?%IG`">
                        <field name="NUM">2</field>
                      </shadow>
                    </value>
                    <next>
                      <block type="s4d_ban_member" id="H3KM9!x{*Uum49%itpac">
                        <value name="MEMBER">
                          <block type="s4d_mentioned_member" id="ZT=lcwODjv4([pd,7{N6"></block>
                        </value>
                        <next>
                          <block type="s4d_reply" id="Ib5r`RsV.QyyekDC`9`9">
                            <value name="CONTENT">
                              <shadow type="text" id="VD`ZL5y/A3;vY7:iCzCE">
                                <field name="TEXT">They've been banned now.</field>
                              </shadow>
                            </value>
                          </block>
                        </next>
                      </block>
                    </next>
                  </block>
                </next>
              </block>
            </statement>
          </block>
        </statement>
      </block>
    </statement>
  </block>
  <block type="s4d_on_message" id="b6E9BIAlU6UoFK23hq^l" x="3308" y="605">
    <statement name="STATEMENTS">
      <block type="controls_if" id="YC}26Kv$nG7U0ZS2t/Yz">
        <value name="IF0">
          <block type="logic_operation" id="BB:itEMI@S~[Rwt10oE)">
            <field name="OP">AND</field>
            <value name="A">
              <block type="s4d_starts_with" id="=qS!4#H[s7iC.65_m6s{">
                <value name="STRING">
                  <shadow type="text" id="`F3;/FR?V7HSgtzKx91e">
                    <field name="TEXT">abc</field>
                  </shadow>
                  <block type="s4d_message_content" id="h$8LG(ho5z+^CCH~Om%Q"></block>
                </value>
                <value name="SUBSTRING">
                  <shadow type="text" id=";Krj/SA)W)/2(%Jar[!*">
                    <field name="TEXT">!kick</field>
                  </shadow>
                </value>
              </block>
            </value>
            <value name="B">
              <block type="s4d_member_has_permission" id="6Ur9bu,zoNkbTyUg)mi!">
                <field name="PERMISSION">KICK_MEMBERS</field>
                <value name="MEMBER">
                  <block type="s4d_message_author" id="Qoeb-b?#9zlm3RSaCipb"></block>
                </value>
              </block>
            </value>
          </block>
        </value>
        <statement name="DO0">
          <block type="s4d_send_wait_reply" id="{;AF/mz}BFH6f.C`/1cg">
            <value name="CONTENT">
              <shadow type="text" id="+8ng{Dqn[e`mIS6kg_9x">
                <field name="TEXT">What is the reason?</field>
              </shadow>
            </value>
            <value name="CHANNEL">
              <block type="s4d_message_channel" id="e.%`p7E;Lv7b7zJ.DL)2"></block>
            </value>
            <value name="MEMBER">
              <block type="s4d_message_author" id="`Viq#3^y1%|lu;WWZ/hg"></block>
            </value>
            <value name="TIME">
              <shadow type="math_number" id="uMT5waQs[8kRx(0XIVz*">
                <field name="NUM">1</field>
              </shadow>
            </value>
            <statement name="THEN">
              <block type="s4d_send_member" id="Z[fssJMog}Kc(;E%|*22">
                <value name="CONTENT">
                  <block type="text_join" id="_]7Y]4`o7R(CD5A_R8|C">
                    <mutation items="2"></mutation>
                    <value name="ADD0">
                      <block type="text" id="ZFp;MlXj]}hJo3#R0HiA">
                        <field name="TEXT">You've been kicked- Reason: </field>
                      </block>
                    </value>
                    <value name="ADD1">
                      <block type="s4d_send_wait_reply_value" id="m^7#7G}[|%Q%?!nZ52t9"></block>
                    </value>
                  </block>
                </value>
                <value name="MEMBER">
                  <block type="s4d_mentioned_member" id="fy2zYZUFz8MOb/2T19J9"></block>
                </value>
                <next>
                  <block type="s4d_wait_seconds" id="`/(9}B5ro8Cj13rSm|-R">
                    <value name="TIME">
                      <shadow type="math_number" id="/HXrd6Cdp/*I!y=-^dvY">
                        <field name="NUM">2</field>
                      </shadow>
                    </value>
                    <next>
                      <block type="s4d_kick_member" id="!l_PAvVl--#j2331Y4@+">
                        <value name="MEMBER">
                          <block type="s4d_mentioned_member" id="7E}0#AE8=JT*^hynU/*O"></block>
                        </value>
                        <next>
                          <block type="s4d_reply" id="u3}.EvD9xAa06@:s_0e2">
                            <value name="CONTENT">
                              <shadow type="text" id="eqo|-p9vL8vR*C7!_hX8">
                                <field name="TEXT">They've been kicked now.</field>
                              </shadow>
                            </value>
                          </block>
                        </next>
                      </block>
                    </next>
                  </block>
                </next>
              </block>
            </statement>
          </block>
        </statement>
      </block>
    </statement>
  </block>
  <block type="s4d_on_message" id=".Avn|$*r{fVs7CYUtmDq" x="1264" y="752">
    <statement name="STATEMENTS">
      <block type="controls_if" id="%g(|6:WC56=5_DU6Smqx">
        <value name="IF0">
          <block type="logic_compare" id="C_kZUE/:/2PTYBL|-bx`">
            <field name="OP">EQ</field>
            <value name="A">
              <block type="s4d_message_content" id="Q1;n{}|[k_`eK8v/VIsJ"></block>
            </value>
            <value name="B">
              <block type="text" id="d,r1XMU@oVoZS=1[$~gB">
                <field name="TEXT">!credits</field>
              </block>
            </value>
          </block>
        </value>
        <statement name="DO0">
          <block type="s4d_reply" id="20,]Px^lGF@o2k,XPvQ1">
            <value name="CONTENT">
              <shadow type="text" id="k$7iKJ`c,NBnq#Rqp4X.">
                <field name="TEXT">Hey!</field>
              </shadow>
              <block type="s4d_message_embed" id="lhqQY[p3q*5kt+l0=1hX">
                <mutation xmlns="http://www.w3.org/1999/xhtml" message="true" color="true" title="true" image="true"></mutation>
                <value name="MESSAGE">
                  <block type="text_join" id="JQoI=[cqwYUo+L@cf[NO">
                    <mutation items="1"></mutation>
                    <value name="ADD0">
                      <block type="text" id=",3ZV)jn;2!ME;iQ5^5LI">
                        <field name="TEXT">Made by Mayor Matt | Coding help by Joe Biden | Inspired by Joe Biden's Welcome bot and KingKillV6's Welcome 2.0</field>
                      </block>
                    </value>
                  </block>
                </value>
                <value name="COLOR">
                  <block type="colour_random" id="{cJ[6Q6uW.j{?YZB]cEF"></block>
                </value>
                <value name="TITLE">
                  <block type="text" id="^]1E+y)Kk=Lg/WX^SqR+">
                    <field name="TEXT">Credits:</field>
                  </block>
                </value>
              </block>
            </value>
          </block>
        </statement>
      </block>
    </statement>
  </block>
  <block type="s4d_on_message" id="~7(cg##lJ!ix(^CRbQeB" x="-43" y="894">
    <statement name="STATEMENTS">
      <block type="controls_if" id="xUIOBU42b1C@fBM+596`">
        <value name="IF0">
          <block type="logic_compare" id="~;j]d?r]k.n:03ex0$g5">
            <field name="OP">EQ</field>
            <value name="A">
              <block type="s4d_message_content" id="ahM(UDs3#0HJC#4`VSvX"></block>
            </value>
            <value name="B">
              <block type="text" id="nK:]G;wwUsTjS9yq$0R/">
                <field name="TEXT">!version</field>
              </block>
            </value>
          </block>
        </value>
        <statement name="DO0">
          <block type="s4d_reply" id=";Zgf^wTeYc!FXy?TzuK|">
            <value name="CONTENT">
              <shadow type="text" id="4FlNPorW,B0myi6dY{Tg">
                <field name="TEXT">Hey!</field>
              </shadow>
              <block type="s4d_message_embed" id="Zdx5X;fc+K8hAn!9=-`K">
                <mutation xmlns="http://www.w3.org/1999/xhtml" message="true" color="true" title="true" image="true"></mutation>
                <value name="MESSAGE">
                  <block type="text_join" id="bHKu]ycSz+WH^[wq~/IZ">
                    <mutation items="1"></mutation>
                    <value name="ADD0">
                      <block type="text" id="`-4A%.3I{`BLGB;M-K:m">
                        <field name="TEXT">Barack Obama Bot, made by Mayor Matt, is version 1.1, still in development</field>
                      </block>
                    </value>
                  </block>
                </value>
                <value name="COLOR">
                  <block type="colour_random" id="h]x5[dr!~uIZ/g.8|VsJ"></block>
                </value>
                <value name="TITLE">
                  <block type="text" id="Scn(O1,ysJDVBJU.t*S+">
                    <field name="TEXT">Bot Version:</field>
                  </block>
                </value>
              </block>
            </value>
          </block>
        </statement>
      </block>
    </statement>
  </block>
  <block type="s4d_on_message" id="W,(?r/w|3yXn-xZ?lVAE" x="-825" y="979">
    <statement name="STATEMENTS">
      <block type="controls_if" id="59X$9h=_Ofu7(jl|f/@^">
        <value name="IF0">
          <block type="logic_compare" id="#FnN6=aY#Yehcz])PpIe">
            <field name="OP">EQ</field>
            <value name="A">
              <block type="s4d_message_content" id="z$n6Sy1F2:nRy(Aj#[CZ"></block>
            </value>
            <value name="B">
              <block type="text" id="GtH896@u,_a~D$JN7v[m">
                <field name="TEXT">!meme</field>
              </block>
            </value>
          </block>
        </value>
        <statement name="DO0">
          <block type="s4d_reply" id="^lD|VSP2p7n{8v{U:tLO">
            <value name="CONTENT">
              <shadow type="text" id="!h!S7Sa2m:K6_V%;-fyc">
                <field name="TEXT">Hey!</field>
              </shadow>
              <block type="s4d_message_embed" id="$?#%{7yq*@VK2-sWe/w5">
                <mutation xmlns="http://www.w3.org/1999/xhtml" message="true" color="true" title="true" image="true"></mutation>
                <value name="MESSAGE">
                  <block type="text_join" id="xr6x3h[b[T#}25}L~gBu">
                    <mutation items="1"></mutation>
                    <value name="ADD0">
                      <block type="text" id="}!M/Ih+`I;M9AYz~ZTPj">
                        <field name="TEXT">https://memes.com/</field>
                      </block>
                    </value>
                  </block>
                </value>
                <value name="COLOR">
                  <block type="colour_random" id="/,92{]:wV12gmNvbK,v)"></block>
                </value>
                <value name="TITLE">
                  <block type="text" id="O`MEy*s3A,7V#1HEMjv0">
                    <field name="TEXT">haha funny meme lol</field>
                  </block>
                </value>
              </block>
            </value>
          </block>
        </statement>
      </block>
    </statement>
  </block>
  <block type="s4d_on_message" id=",5o7p|@,gPWKhYvI~NtX" x="878" y="1107">
    <statement name="STATEMENTS">
      <block type="controls_if" id="))_tw+V25~6;[!Jh3IM+">
        <value name="IF0">
          <block type="logic_compare" id="G]34DrqvWefR729hk@i1">
            <field name="OP">EQ</field>
            <value name="A">
              <block type="s4d_message_content" id="`=?O*M;WL{f(l)V6b{Uo"></block>
            </value>
            <value name="B">
              <block type="text" id="oo7}A_~X)~q82e[dtZ8u">
                <field name="TEXT">!obumaz</field>
              </block>
            </value>
          </block>
        </value>
        <statement name="DO0">
          <block type="s4d_reply" id="2bqU1y14FxZuZT7d%}(C">
            <value name="CONTENT">
              <shadow type="text" id="K62[3Gp@ZHFR2+TJvrPE">
                <field name="TEXT">Hey!</field>
              </shadow>
              <block type="s4d_message_embed" id="vi#%e)mX/g+RX%QLdH=$">
                <mutation xmlns="http://www.w3.org/1999/xhtml" message="true" color="true" title="true" image="true"></mutation>
                <value name="MESSAGE">
                  <block type="text_join" id="!sy~c[hqMf^p8H?rP6^y">
                    <mutation items="1"></mutation>
                    <value name="ADD0">
                      <block type="text" id="dR~eRiS}N:DX5rad{)lq">
                        <field name="TEXT">xbvhfiaudfniuenifaueboisdnljbsfiubeaijksd</field>
                      </block>
                    </value>
                  </block>
                </value>
                <value name="COLOR">
                  <block type="colour_random" id="X4oG))3.;r[[-vF_0nJg"></block>
                </value>
                <value name="TITLE">
                  <block type="text" id="ZlykM7s7)3Lt)rWcav`H">
                    <field name="TEXT">??????</field>
                  </block>
                </value>
              </block>
            </value>
          </block>
        </statement>
      </block>
    </statement>
  </block>
  <block type="s4d_on_message" id="$8qYIZ/rJ=V3=9i?~v/[" x="-879" y="1368">
    <statement name="STATEMENTS">
      <block type="controls_if" id="ssURzyO|of9~HGud==s{">
        <value name="IF0">
          <block type="logic_compare" id="a;W=6QR)}0Y1!@1rWaUI">
            <field name="OP">EQ</field>
            <value name="A">
              <block type="s4d_message_content" id="RKEV@DV[]gg~wtOVh-r$"></block>
            </value>
            <value name="B">
              <block type="text" id="r%u_!e6_v}}Z._E/;eTj">
                <field name="TEXT">!meme</field>
              </block>
            </value>
          </block>
        </value>
        <statement name="DO0">
          <block type="s4d_reply" id="12g3_@4_ctL*BEe:(MV+">
            <value name="CONTENT">
              <shadow type="text" id="v0}/q*THHhh~(]lzMWk8">
                <field name="TEXT">Hey!</field>
              </shadow>
              <block type="s4d_message_embed" id="XdkEF~EEDg.4tGG;XvGh">
                <mutation xmlns="http://www.w3.org/1999/xhtml" message="true" color="true" title="true" image="true"></mutation>
                <value name="MESSAGE">
                  <block type="text_join" id="!]zLF!)f$b(7wYAQW]^=">
                    <mutation items="1"></mutation>
                    <value name="ADD0">
                      <block type="text" id="tk$/zu1R6d,$(f-Pz10B">
                        <field name="TEXT">https://memes.com/</field>
                      </block>
                    </value>
                  </block>
                </value>
                <value name="COLOR">
                  <block type="colour_random" id="Ehg?@61M86ALe$8I5@?,"></block>
                </value>
                <value name="TITLE">
                  <block type="text" id="M0zQJvI3.lGaSV1RK,Ep">
                    <field name="TEXT">haha funny meme lol</field>
                  </block>
                </value>
              </block>
            </value>
          </block>
        </statement>
      </block>
    </statement>
  </block>
</xml>